ID,Name,Longitude,Latitude,Catchment Area (km²),Measuring Organisation,Level 1 or Level 2 (Catchment Development),Level 1 or Level 2 (Data Quality),Record Length,Missing Data Criteria Met? (Yes/No),gauge_name,water_body_name,artificial_surfaces_perc,dams_num,perc_complete,data_gap,area_error,aridity,runoff_ratio,data_flag
DE110140,Tuttlingen,8.795632,47.988378,83.59,Baden-WÃ¼rttemberg,1,1,63.16,Yes,Tuttlingen,Elta,8.84,0,1.0,1 days,0.0364538127712337,0.8028578846981432,0.3887454506087268,1
DE110170,KÃ¶nigheim,9.623949,49.615623,59.36,Baden-WÃ¼rttemberg,1,1,63.16,Yes,KÃ¶nigheim,Brehmbach,2.73,0,1.0,1 days,0.003719986472776443,1.0651261040529292,0.28497358406164963,1
DE110180,Sachsenflur,9.70704,49.525241,108.53,Baden-WÃ¼rttemberg,1,1,52.16,Yes,Sachsenflur,Umpfer,2.38,0,0.9998950351632203,2 days,0.010394820826114712,1.0484813738109742,0.30829969982179745,1
DE110250,HÃ¶lzlebruck,8.191595,47.925221,47.08,Baden-WÃ¼rttemberg,1,1,70.0,Yes,HÃ¶lzlebruck,Josbach,0.08,0,1.0,1 days,0.004861551469034115,0.46819181979797664,0.6980780792802331,1
DE110260,IllmÃ¼hle,8.343761,47.749695,50.01,Baden-WÃ¼rttemberg,1,1,70.0,Yes,IllmÃ¼hle,Steina,1.68,0,0.9973795369211514,67 days,0.003189156866653452,0.6096007676808961,0.4901014036827235,1
DE110280,Wehr,7.903851,47.615191,24.22,Baden-WÃ¼rttemberg,1,1,64.16,Yes,Wehr,Hasel,5.91,0,1.0,1 days,0.02886928628708911,0.5277668029442982,0.5605216532855729,1
DE110290,Oberambringen,7.74034,47.917497,46.03,Baden-WÃ¼rttemberg,1,1,64.16,Yes,Oberambringen,MÃ¶hlin,4.49,0,1.0,1 days,0.06773370447691955,0.6211448891290734,0.2892908815183985,1
DE110300,UntermÃ¼nstertal,7.759964,47.860491,66.26,Baden-WÃ¼rttemberg,1,1,70.0,Yes,UntermÃ¼nstertal,Neumagen,2.06,0,1.0,1 days,0.0034832651824928665,0.44426139687533434,0.5570974335502827,1
DE110320,Oberwolfach,8.219191,48.305973,126.79,Baden-WÃ¼rttemberg,1,1,70.0,Yes,Oberwolfach,Wolf,0.78,0,1.0,1 days,0.003879651623119629,0.4259581213200094,0.6481989343561362,1
DE110380,Altensteig,8.609757,48.58481,135.02,Baden-WÃ¼rttemberg,0,0,38.67,Yes,Altensteig,Nagold,2.82,1,1.0,1 days,0.0,0.5386880097525334,0.46659252695974046,0
DE110410,Riederich,9.267024,48.561403,159.42,Baden-WÃ¼rttemberg,0,0,70.0,Yes,Riederich,Erms,9.99,2,1.0,1 days,0.0008161215393307519,0.7329293815428397,0.644312796422698,0
DE110500,SÃ¼Ãen,9.775238,48.68383,68.14,Baden-WÃ¼rttemberg,0,0,70.0,Yes,SÃ¼Ãen,Lauter,9.29,2,0.9998435544430538,4 days,0.03242424242424243,0.6330950167711412,0.47345219093396346,0
DE110510,Lautenhof,8.542309,48.716906,83.61,Baden-WÃ¼rttemberg,1,1,70.0,Yes,Lautenhof,GroÃe Enz,1.16,0,1.0,1 days,0.009007941211331102,0.4216125702516382,0.5504675231248105,1
DE110620,Reichenhofen,9.967069,47.847065,151.84,Baden-WÃ¼rttemberg,1,1,41.17,Yes,Reichenhofen,Wurzacher Ach,3.59,0,1.0,1 days,0.004523700255687391,0.667572443309836,0.4181784811239642,1
DE110640,Unterschmeien,9.149767,48.091691,146.57,Baden-WÃ¼rttemberg,2,2,39.16,Yes,Unterschmeien,Schmeie,13.35,0,0.9998601985181043,2 days,0.009435261707989013,0.7664865334297031,0.3558260548277238,2
DE110680,Hammereisenbach,8.35337,47.989742,164.95,Baden-WÃ¼rttemberg,0,0,40.16,Yes,Hammereisenbach,Breg,2.65,1,1.0,1 days,0.0439212708056452,0.40988510438030584,0.6141878629408138,0
DE110750,Fridingen,8.9433,48.034611,131.59,Baden-WÃ¼rttemberg,0,0,37.17,Yes,Fridingen,BÃ¤ra,6.87,1,1.0,1 days,0.0014417969342843961,0.7143014479553094,0.44743209348202695,0
DE110790,Goppertshofen,9.943128,48.086929,58.11,Baden-WÃ¼rttemberg,1,2,34.17,Yes,Goppertshofen,Rottum,6.96,0,0.9996794871794872,3 days,0.015554002097168833,0.8108102774165679,0.474848823138289,2
DE110940,Lahr,7.850372,48.33993,129.21,Baden-WÃ¼rttemberg,1,1,51.16,Yes,Lahr,Schutter,7.61,0,1.0,1 days,0.0014683153013910178,0.7370989251838943,0.329201418461447,1
DE111000,Wiesensteig,9.636287,48.567868,31.38,Baden-WÃ¼rttemberg,1,1,64.16,Yes,Wiesensteig,Fils,2.23,0,1.0,1 days,0.021484375000000007,0.599621003208075,0.5720942866904238,1
DE111020,Forchtenberg,9.563833,49.28525,72.52,Baden-WÃ¼rttemberg,1,1,70.0,Yes,Forchtenberg,Kupfer,5.3,0,0.9966755319148937,85 days,0.011577625889245338,0.8677918198418862,0.37371637535711616,1
DE111060,Unterspeltach,10.023895,49.091923,35.23,Baden-WÃ¼rttemberg,1,1,68.16,Yes,Unterspeltach,Speltach,2.87,0,0.9995983613141618,2 days,0.06402899426155233,0.8966739884165145,0.36137412302712824,1
DE111120,Christophstal,8.387324,48.473148,19.42,Baden-WÃ¼rttemberg,1,1,67.08,Yes,Christophstal,Forbach,6.84,0,1.0,1 days,0.04859611231101524,0.3551676031686633,0.5976957854695985,1
DE111270,Wendlingen,9.393381,48.67076,189.04,Baden-WÃ¼rttemberg,2,2,40.16,Yes,Wendlingen,Lauter,15.69,0,0.9999318383204963,2 days,0.0027431947668284987,0.7432698097660303,0.4445853415956668,2
DE111300,Mittelrot,9.743195,48.98534,124.74,Baden-WÃ¼rttemberg,0,0,41.59,Yes,Mittelrot,Fichtenberger Rot,5.43,1,0.9998683344305465,2 days,0.007400334208641735,0.7221980123899805,0.4382523042033984,0
DE111360,Bebenhausen,9.042629,48.55978,44.67,Baden-WÃ¼rttemberg,1,0,57.33,Yes,Bebenhausen,Goldersbach,0.0,0,0.9956546652659727,92 days,0.1845664280031822,1.000892168963925,0.2086177048690507,0
DE111380,Oberensingen,9.323664,48.637209,179.24,Baden-WÃ¼rttemberg,0,0,41.84,Yes,Oberensingen,Aich,13.98,2,1.0,1 days,0.007305833426997929,1.0179747958273764,0.2794812552030786,0
DE111400,Ettlingen,8.398504,48.946638,149.27,Baden-WÃ¼rttemberg,1,1,41.17,Yes,Ettlingen,Alb,9.24,0,0.9999334973731462,2 days,0.0022156573116692124,0.6105505485305052,0.4005123626002953,1
DE111420,SchÃ¶nmÃ¼nzach,8.363673,48.606788,47.28,Baden-WÃ¼rttemberg,1,2,37.17,Yes,SchÃ¶nmÃ¼nzach,SchÃ¶nmÃ¼nz,0.41,0,1.0,1 days,0.0008453085376162119,0.3364065495333079,0.7395726901989669,2
DE111440,Baiersbronn,8.338585,48.516512,64.28,Baden-WÃ¼rttemberg,1,2,34.17,Yes,Baiersbronn,Murg,1.68,0,1.0,1 days,0.000621890547263558,0.3518997400654201,0.7718430438664295,2
DE111490,Ramsbach,8.145409,48.490077,108.79,Baden-WÃ¼rttemberg,1,2,39.16,Yes,Ramsbach,Rench,1.48,0,1.0,1 days,0.004246284501061645,0.4144468550818703,0.5958856573633874,2
DE111510,Schenkenzell,8.373314,48.311395,75.6,Baden-WÃ¼rttemberg,1,2,34.17,Yes,Schenkenzell,Kinzig,5.63,0,1.0,1 days,0.00657030223390276,0.5788923850517865,0.5360631169622672,2
DE111550,Steinheim,9.281725,48.97009,76.16,Baden-WÃ¼rttemberg,1,1,40.84,Yes,Steinheim,Bottwar,8.99,0,1.0,1 days,0.0007884362680683611,0.9048704717292763,0.32610000963461855,1
DE111580,Talhausen,9.067519,48.917577,192.9,Baden-WÃ¼rttemberg,0,0,41.17,Yes,Talhausen,Glems,20.7,0,1.0,1 days,0.002286189338044257,1.0339248760902837,0.20902711025345908,0
DE111670,Denkendorf,9.355228,48.709264,125.4,Baden-WÃ¼rttemberg,0,0,38.5,Yes,Denkendorf,KÃ¶rsch,35.83,0,1.0,1 days,0.014073433446025569,1.072235570723656,0.4627881270452579,0
DE111680,Neuenstadt,9.343464,49.230247,141.01,Baden-WÃ¼rttemberg,1,2,38.17,Yes,Neuenstadt,Brettach,6.64,0,0.9997848074026253,2 days,0.0012041365632526981,0.9230136307714054,0.36721105500845197,2
DE111780,MÃ¶hringen,8.76646,47.96331,27.72,Baden-WÃ¼rttemberg,1,2,32.16,Yes,MÃ¶hringen,KrÃ¤henbach,3.69,0,1.0,1 days,0.01527531083481349,0.8315154609612099,0.38736575460119665,2
DE111830,Blaubeuren,9.777649,48.40322,160.02,Baden-WÃ¼rttemberg,1,2,28.16,Yes,Blaubeuren,Ach,5.67,0,1.0,1 days,0.0280758111146804,0.7852259844051972,0.21544448024807986,2
DE111840,Rangendingen,8.889234,48.38459,124.92,Baden-WÃ¼rttemberg,2,2,31.16,Yes,Rangendingen,Starzel,10.25,0,0.9234891075193253,1 days,0.01809290953545231,0.8593716371462642,0.36572163267381325,2
DE111860,Altschweier,8.150009,48.696973,30.96,Baden-WÃ¼rttemberg,2,2,29.17,Yes,Altschweier,BÃ¼hlot,10.01,0,0.9992491083161253,4 days,0.026184951939012234,0.4450757707841584,0.43822580084678053,2
DE112010,Talheim,9.19639,49.081677,74.42,Baden-WÃ¼rttemberg,2,2,26.17,Yes,Talheim,Schozach,10.84,0,1.0,1 days,0.023377337733773415,1.013995462455331,0.2669676402425823,2
DE112110,Dalkingen,10.169765,48.923146,89.25,Baden-WÃ¼rttemberg,0,0,23.0,Yes,Dalkingen,RÃ¶hlinger Sechta,4.77,1,0.999880966551601,2 days,0.009387016512101314,0.9611778291473164,0.37068331414399935,0
DE112120,Westheim,9.726206,49.052493,62.41,Baden-WÃ¼rttemberg,0,0,22.17,Yes,Westheim,Bibers,4.83,1,0.9996294924045943,2 days,0.0011203585147247165,0.8741360303856486,0.41144986684053364,0
DE112140,Geislingen,9.820988,48.629261,114.43,Baden-WÃ¼rttemberg,1,0,19.16,Yes,Geislingen,Eyb,5.66,0,1.0,1 days,0.05339224891834679,0.7441389937772759,0.4669278093423203,0
DE112370,Bruchsal,8.607441,49.121461,176.35,Baden-WÃ¼rttemberg,2,0,18.17,Yes,Bruchsal,Saalbach,11.81,0,1.0,1 days,0.011007280857650561,1.17499409389027,0.2990861467040158,0
DE112390,Haubersbronn,9.548286,48.82218,76.97,Baden-WÃ¼rttemberg,1,0,15.67,Yes,Haubersbronn,Wieslauf,7.64,0,1.0,1 days,0.0023440552155227583,0.8532501948348425,0.34803453838431314,0
DE112410,Villingen,8.46451,48.057642,100.06,Baden-WÃ¼rttemberg,2,0,17.17,Yes,Villingen,Brigach,12.57,0,1.0,1 days,0.013604100946372195,0.5954671216832258,0.5019392549023213,0
DE210320,Thalkirchdorf ,10.107619,47.557921,21.98,Bayern,1,1,65.17,Yes,Thalkirchdorf , Konstanzer Ach ,3.29,0,1.0,1 days,0.05665236051502147,0.3664882021386656,0.7996173306834943,1
DE210350,GreifenmÃ¼hle ,10.358221,47.628108,31.28,Bayern,0,0,63.16,Yes,GreifenmÃ¼hle , Rottach ,2.11,1,1.0,1 days,0.012297734627831798,0.4447453078285547,0.6516028061768796,0
DE210370,Stielings ,10.336886,47.768202,60.6,Bayern,1,1,70.0,Yes,Stielings , Leubas ,3.21,0,1.0,1 days,0.018487394957983218,0.5487016598728093,0.5268879575189118,1
DE210510,Reichenbach ,10.258943,49.175788,88.28,Bayern,1,1,51.16,Yes,Reichenbach , WÃ¶rnitz ,4.64,0,1.0,1 days,0.007762557077625649,0.9157518359397235,0.36558983235202563,1
DE210590,Fischach ,10.653818,48.293679,132.53,Bayern,1,1,70.0,Yes,Fischach , Schmutter ,3.41,0,1.0,1 days,0.000981873111782443,0.7709020379626639,0.3238372946432841,1
DE210730,Engen_Illach ,10.891762,47.726766,32.19,Bayern,1,1,67.16,Yes,Engen_Illach , Illach ,1.41,0,1.0,1 days,0.0034055727554179395,0.48885388365980653,0.5573291465950849,1
DE210830,GÃ¶risried ,10.511082,47.705926,23.68,Bayern,1,1,70.0,Yes,GÃ¶risried , Waldbach ,1.39,0,1.0,1 days,0.04778761061946895,0.46869158479977857,0.6674096776469477,1
DE210840,Leuterschach ,10.583279,47.748133,102.28,Bayern,1,1,70.0,Yes,Leuterschach , Lobach ,2.23,0,1.0,1 days,0.06336996336996338,0.5336973981992276,0.5895300032012271,1
DE210860,HÃ¶rmanshofen ,10.653232,47.826405,93.48,Bayern,1,1,70.0,Yes,HÃ¶rmanshofen , Geltnach ,1.31,0,1.0,1 days,0.006588735387885126,0.5648852086875616,0.5098198702990605,1
DE210880,Langerringen_Singold ,10.755158,48.148066,98.9,Bayern,1,1,65.17,Yes,Langerringen_Singold , Singold ,3.94,0,1.0,1 days,0.020792079207920734,0.7281137920043571,0.6358160736002675,1
DE211000,Mainburg ,11.784121,48.642741,143.55,Bayern,1,1,53.17,Yes,Mainburg , Abens ,6.02,0,1.0,1 days,0.0003484320557492081,0.9519023300645836,0.24358528444564512,1
DE211100,Bechhofen ,10.548732,49.156773,92.65,Bayern,1,1,54.17,Yes,Bechhofen , Wieseth ,2.31,0,1.0,1 days,0.008029978586723769,1.0119046616188963,0.30934940328633503,1
DE211150,Parsberg ,11.727558,49.171208,185.51,Bayern,1,1,60.16,Yes,Parsberg , Schwarze Laber ,4.11,0,1.0,1 days,0.007967914438502723,0.8101621505250074,0.33280274784957276,1
DE211260,Erbendorf ,12.062839,49.835592,180.7,Bayern,1,1,70.0,Yes,Erbendorf , Fichtelnaab ,4.72,0,1.0,1 days,0.00550357732526142,0.6424312068172615,0.503990133551171,1
DE211320,GrafenwÃ¶hr ,11.915919,49.718214,181.99,Bayern,1,1,63.16,Yes,GrafenwÃ¶hr , CreuÃen ,4.52,0,1.0,1 days,0.00660480349344967,0.9406064056844706,0.3295595301121778,1
DE211450,Fronhof ,12.308872,49.410767,121.88,Bayern,1,1,56.16,Yes,Fronhof , Murach ,2.99,0,1.0,1 days,0.0009836065573770865,0.7905195016047691,0.3996936855837102,1
DE211500,Obersdorf ,11.797895,49.494372,69.29,Bayern,2,2,67.16,Yes,Obersdorf , Rosenbach ,11.58,0,1.0,1 days,0.007122093023255946,0.899141651669145,0.45507369102810097,2
DE211620,Teisnach_Teisnach ,12.996556,49.036527,109.57,Bayern,1,1,67.16,Yes,Teisnach_Teisnach , Teisnach ,3.11,0,1.0,1 days,0.014537037037036973,0.5828095159962174,0.4978269340020069,1
DE211720,Heuweg ,12.274877,49.062597,48.12,Bayern,1,1,58.17,Yes,Heuweg , Otterbach ,0.77,0,1.0,1 days,0.005785123966942173,0.9001403679689075,0.36158672606128,1
DE211800,Deggendorf_Kollbach ,12.962483,48.853986,36.49,Bayern,1,1,60.16,Yes,Deggendorf_Kollbach , Kollbach ,1.85,0,1.0,1 days,0.003005464480874301,0.5686616311233144,0.4977119312584005,1
DE212130,DÃ¼rnhausen ,11.303751,47.728862,12.6,Bayern,1,1,56.16,Yes,DÃ¼rnhausen , Lothdorfer Bach ,0.0,0,1.0,1 days,0.023255813953488427,0.5509001824315709,0.5129457038682403,1
DE212300,Obernach_Ach ,11.121969,47.692781,38.11,Bayern,1,1,67.16,Yes,Obernach_Ach , Ach ,2.78,0,1.0,1 days,0.07946859903381641,0.5145477794052107,0.6316829974372609,1
DE212340,ObermÃ¼hlhausen_Windach ,11.002847,47.982284,35.03,Bayern,1,1,54.17,Yes,ObermÃ¼hlhausen_Windach , Windach ,2.42,0,1.0,1 days,0.0425595238095238,0.6855595394507592,0.24418235343875336,1
DE212550,Auerbach ,13.092854,48.798329,87.18,Bayern,1,1,56.16,Yes,Auerbach , Hengersberger Ohe ,1.38,0,1.0,1 days,0.0032220943613348804,0.620614405132163,0.5042890456216512,1
DE212600,Dietelskirchen ,12.344022,48.49583,145.37,Bayern,1,1,51.16,Yes,Dietelskirchen , Kleine Vils ,2.88,0,1.0,1 days,0.004996577686516015,0.9037344433344745,0.24243406321860492,1
DE212640,Neustift ,13.196716,48.585329,129.03,Bayern,1,1,59.16,Yes,Neustift , Wolfach ,5.74,0,1.0,1 days,0.011264367816091945,0.9131114893527581,0.3170858291016932,1
DE212690,SchÃ¶nberg ,13.353756,48.836798,82.56,Bayern,1,1,67.16,Yes,SchÃ¶nberg , GroÃe Ohe ,4.11,0,1.0,1 days,0.004101326899879414,0.5536151017453766,0.604306615789524,1
DE212710,Eberhardsreuth ,13.353818,48.818911,112.91,Bayern,1,1,70.0,Yes,Eberhardsreuth , Mitternacher Ohe ,3.58,0,1.0,1 days,0.003442188879082088,0.6368301224223682,0.4980756481801251,1
DE212760,RÃ¶hrnbach ,13.523143,48.727266,120.35,Bayern,1,1,70.0,Yes,RÃ¶hrnbach , Osterbach ,2.72,0,1.0,1 days,0.005371900826446328,0.6243409103648241,0.5788202596716149,1
DE212870,Bad TriÃl ,12.154047,47.65843,38.86,Bayern,1,1,70.0,Yes,Bad TriÃl , Auerbach ,0.01,0,1.0,1 days,0.025329815303430103,0.4162968425495051,0.6583331593385234,1
DE212890,NuÃdorf ,12.181643,47.746271,32.59,Bayern,1,0,70.0,Yes,NuÃdorf , Steinbach ,1.51,0,1.0,1 days,0.15159010600706724,0.42305232303677065,0.5152014454337703,0
DE212900,Stephanskirchen ,12.187084,47.850123,100.92,Bayern,1,1,70.0,Yes,Stephanskirchen , Sims ,3.54,0,1.0,1 days,0.05786163522012574,0.5801638968743539,0.44601972160273834,1
DE212980,Rottach ,11.773906,47.69195,33.13,Bayern,1,1,70.0,Yes,Rottach , Rottach ,3.76,0,1.0,1 days,0.06527331189710614,0.33633361880378587,0.5447958706534278,1
DE213010,Miesbach ,11.829165,47.789172,59.3,Bayern,1,1,70.0,Yes,Miesbach , Schlierach ,8.93,0,1.0,1 days,0.006700167504187699,0.4264944049887286,0.46888943423557783,1
DE213180,GroÃschwindau ,12.137828,48.229718,20.35,Bayern,1,1,56.16,Yes,GroÃschwindau , Goldach ,3.59,0,1.0,1 days,0.04906542056074754,0.738056795138463,0.4502839104484591,1
DE213360,Wernleiten ,12.649441,47.829092,90.89,Bayern,1,1,70.0,Yes,Wernleiten , Rote Traun ,3.62,0,1.0,1 days,0.01846652267818568,0.3914878354678112,0.6189309912351634,1
DE213490,Hammer ,12.785329,47.843281,15.41,Bayern,1,1,56.16,Yes,Hammer , Oberteisendorfer Ache ,0.28,0,1.0,1 days,0.005806451612903217,0.43913786939016625,0.631205210713675,1
DE213510,Unverzug ,12.827904,47.917508,133.7,Bayern,1,1,70.0,Yes,Unverzug , GÃ¶tzinger Achen ,2.49,0,1.0,1 days,0.014738393515106855,0.6200073885464671,0.534834686927904,1
DE213580,Panzing ,12.570436,48.432682,116.6,Bayern,1,1,59.16,Yes,Panzing , Bina ,3.64,0,1.0,1 days,0.0,0.905101492308086,0.22012849719712285,1
DE213670,Zwirkenberg ,9.970366,47.64909,102.81,Bayern,1,1,70.0,Yes,Zwirkenberg , Obere Argen ,2.1,0,0.9998826658322904,3 days,0.01144230769230767,0.38517869436828417,0.635239729284697,1
DE213800,Trebgast ,11.55185,50.065039,62.57,Bayern,2,2,66.17,Yes,Trebgast , Trebgast ,10.91,0,1.0,1 days,0.011532385466034707,0.965358185368404,0.2701579524795925,2
DE213840,AdlerhÃ¼tte ,11.615099,50.119936,33.42,Bayern,1,1,62.17,Yes,AdlerhÃ¼tte , Koserbach ,3.47,0,1.0,1 days,0.0023880597014924866,0.7276829861052914,0.5132108327886071,1
DE213850,Oberhammer ,11.524075,50.180309,64.45,Bayern,1,1,63.16,Yes,Oberhammer , Untere Steinach ,1.1,0,1.0,1 days,0.0007763975155279061,0.668884566926731,0.5345623331583556,1
DE213910,GampelmÃ¼hle ,11.661784,49.897342,63.84,Bayern,1,1,58.17,Yes,GampelmÃ¼hle , Ãlschnitz ,2.06,0,1.0,1 days,0.023076923076923155,0.919091293980834,0.3212000084012527,1
DE213920,Untersteinach_Warme Steinach ,11.683331,49.969561,75.68,Bayern,1,1,68.16,Yes,Untersteinach_Warme Steinach , Warme Steinach ,5.73,0,1.0,1 days,0.026865671641791097,0.6049511076712812,0.47309359248175537,1
DE213930,Weismain_Weismain ,11.2382,50.090502,69.19,Bayern,1,1,63.16,Yes,Weismain_Weismain , Weismain ,1.82,0,1.0,1 days,0.011571428571428604,0.8334217458023484,0.5195969307670238,1
DE213940,StreitmÃ¼hle ,11.510727,50.352171,56.54,Bayern,1,1,70.0,Yes,StreitmÃ¼hle , Rodach ,3.95,0,1.0,1 days,0.0007079646017698964,0.6322703496388568,0.5579741761871494,1
DE214020,Wallenfels ,11.461707,50.271035,96.03,Bayern,1,1,70.0,Yes,Wallenfels , Wilde Rodach ,2.69,0,1.0,1 days,0.0007284079084286492,0.6292919657315115,0.4885421044079497,1
DE214030,Neukenroth ,11.284641,50.321765,143.31,Bayern,1,1,66.17,Yes,Neukenroth , HaÃlach ,4.61,0,1.0,1 days,0.009225352112676072,0.5942476226212938,0.5454042753287148,1
DE214050,Steinberg_Kronach ,11.3677,50.292013,95.39,Bayern,1,1,70.0,Yes,Steinberg_Kronach , Kronach ,2.01,0,0.9856852315394243,367 days,0.012632696390658149,0.6487121405872871,0.5354453641611203,1
DE214110,MÃ¶nchrÃ¶den ,11.051664,50.296644,69.8,Bayern,2,2,63.16,Yes,MÃ¶nchrÃ¶den , RÃ¶den ,18.18,0,1.0,1 days,0.025139664804469237,0.769577264796234,0.4513133342567886,2
DE214280,Ansbach_FrÃ¤nkische Rezat ,10.565628,49.30459,118.53,Bayern,1,1,70.0,Yes,Ansbach_FrÃ¤nkische Rezat , FrÃ¤nkische Rezat ,4.38,0,0.9998826658322904,3 days,0.0047858942065490614,1.0425107482347207,0.2816422334046773,1
DE214370,Rasch ,11.377605,49.368821,208.23,Bayern,2,0,70.0,Yes,Rasch , Schwarzach ,10.57,0,0.9857243429286608,366 days,0.12313915857605169,0.8129022121000589,0.3615820342072232,0
DE214480,Pommelsbrunn ,11.52586,49.499377,102.27,Bayern,1,1,62.17,Yes,Pommelsbrunn , HÃ¶genbach ,2.34,0,1.0,1 days,0.0002932551319648205,0.7941906340814301,0.34380100607696884,1
DE214590,Hollfeld ,11.290586,49.93518,134.16,Bayern,1,1,62.17,Yes,Hollfeld , Wiesent ,2.32,0,1.0,1 days,0.009158050221565798,0.826496289085126,0.28294616620860336,1
DE214630,Pottenstein ,11.401864,49.773048,116.13,Bayern,1,1,59.16,Yes,Pottenstein , PÃ¼ttlach ,3.71,0,1.0,1 days,0.06639118457300265,0.7706749725154851,0.3087046870527858,1
DE214640,Unterleinleiter ,11.191395,49.824377,83.85,Bayern,1,1,62.17,Yes,Unterleinleiter , Leinleiterbach ,1.2,0,1.0,1 days,0.0029904306220095694,0.7710042438818872,0.475026999606989,1
DE214960,Schweinhof ,10.155993,50.34931,112.31,Bayern,1,1,66.17,Yes,Schweinhof , Brend ,3.77,0,1.0,1 days,0.002767857142857163,0.6658707005609728,0.46611172268247586,1
DE214970,Poppenlauer ,10.237506,50.213635,152.76,Bayern,0,0,52.16,Yes,Poppenlauer , Lauer ,3.1,1,1.0,1 days,0.0063241106719366235,1.1328599109260222,0.22257099890103532,0
DE214990,Schlimpfhof ,9.966859,50.219931,12.34,Bayern,1,1,54.17,Yes,Schlimpfhof , Lauter ,6.82,0,1.0,1 days,0.03593750000000007,0.8480605200746355,0.3968541087252202,1
DE215010,Bad BrÃ¼ckenau ,9.788956,50.307772,91.3,Bayern,1,1,67.16,Yes,Bad BrÃ¼ckenau , Sinn ,6.35,0,1.0,1 days,0.008686210640608004,0.5801697980218671,0.5442991558257596,1
DE215040,Frammersbach ,9.475325,50.060987,68.87,Bayern,1,1,58.17,Yes,Frammersbach , Lohr ,3.44,0,1.0,1 days,0.005401459854014665,0.6528711022551826,0.4331004803314815,1
DE215090,Bockenfeld ,10.193244,49.32558,75.16,Bayern,1,1,67.16,Yes,Bockenfeld , Tauber ,2.89,0,1.0,1 days,0.014304993252361705,0.941313379775377,0.3275353439862448,1
DE215150,RÃ¼ck ,9.216376,49.827196,144.09,Bayern,1,1,70.0,Yes,RÃ¼ck , Elsava ,3.45,0,1.0,1 days,0.00201668984700968,0.8185113383404811,0.3039090732178355,1
DE215160,Goldbach ,9.187111,49.99499,142.71,Bayern,1,1,63.16,Yes,Goldbach , Aschaff ,9.26,0,1.0,1 days,0.002725366876310177,0.802288765524621,0.3212522563837027,1
DE215220,Lorenzreuth ,12.104876,50.021468,122.29,Bayern,1,1,55.16,Yes,Lorenzreuth , RÃ¶slau ,7.13,0,1.0,1 days,0.006502057613168776,0.7128222911436429,0.5146727047576641,1
DE411310,"RÃ¤digke, Venturi",12.624492,52.055182,85.24,Brandenburg,1,0,56.16,Yes,"RÃ¤digke, Venturi",Plane,0.82,0,0.640945649524738,1 days,0.10157663478935125,1.0976137123312368,0.23771772477734385,0
DE710010,Alsfeld,9.285161,50.757801,131.88,Hessen,1,1,53.17,Yes,Alsfeld,Schwalm,6.54,0,1.0,1 days,0.00357659234457042,0.9170178430777308,0.35305177343660255,1
DE710070,Bad Salzschlirf,9.504991,50.623014,135.2,Hessen,1,1,56.16,Yes,Bad Salzschlirf,Altefeldbach,4.22,0,0.9998050207165489,5 days,0.0007401924500369676,0.675051973505599,0.40430867557922273,1
DE710080,Bad Soden,9.365616,50.289564,87.51,Hessen,1,1,55.16,Yes,Bad Soden,Salz,2.06,0,1.0,1 days,0.017845117845117726,0.6890726333506091,0.41988071006301053,1
DE710110,Bensheim,8.633822,49.683604,27.48,Hessen,0,0,51.16,Yes,Bensheim,Lauter,11.7,1,1.0,1 days,0.025373134328358197,0.7392940579968528,0.325154813198772,0
DE710130,Bischhausen,9.93853,51.138203,149.91,Hessen,1,1,51.16,Yes,Bischhausen,Wehre,2.73,0,0.9959334367809942,9 days,0.004758713136729276,0.850144673619038,0.37562035700227364,1
DE710180,BÃ¼dingen,9.104189,50.287576,93.91,Hessen,1,1,58.17,Yes,BÃ¼dingen,Seemenbach,7.18,0,1.0,1 days,0.0011727078891257937,0.7963574037384974,0.3771786821099559,1
DE710240,Ehringen,9.145311,51.383673,138.16,Hessen,0,0,59.16,Yes,Ehringen,Erpe,5.51,1,1.0,1 days,0.008909011245801072,0.9571303728163427,0.23333377321732127,0
DE710250,Eichelsachsen,9.121466,50.458727,23.74,Hessen,1,1,56.16,Yes,Eichelsachsen,Eichelbach,4.74,0,1.0,1 days,0.0012620950778292443,0.5863597364195469,0.4190096915306252,1
DE710280,EtzelmÃ¼hle,8.648339,50.719229,81.03,Hessen,1,1,61.17,Yes,EtzelmÃ¼hle,SalzbÃ¶de,9.86,0,1.0,1 days,0.0020935960591133215,0.8028283102964648,0.37336340760635733,1
DE710290,Fahrenbach,8.766926,49.638812,44.34,Hessen,2,2,61.17,Yes,Fahrenbach,Weschnitz,10.66,0,1.0,1 days,0.0168514412416851,0.6464120528611123,0.41215317453707767,2
DE710340,GemÃ¼nden,8.97332,50.966867,101.03,Hessen,1,1,61.17,Yes,GemÃ¼nden,Wohra,2.44,0,1.0,1 days,0.00853778213935235,0.9246519394241238,0.36439610467057604,1
DE710370,GÃ¼nthers,10.004965,50.65609,183.97,Hessen,1,1,65.17,Yes,GÃ¼nthers,Ulster,3.46,0,0.9993698273326892,16 days,0.010824175824175818,0.6182458814220001,0.4999805182977969,1
DE710380,Haiger,8.21252,50.750813,63.0,Hessen,1,1,63.16,Yes,Haiger,Dill,5.64,0,1.0,1 days,0.0,0.6380292192331649,0.47067574599200707,1
DE710390,Hain-GrÃ¼ndau 1,9.130286,50.235407,56.86,Hessen,1,1,55.16,Yes,Hain-GrÃ¼ndau 1,GrÃ¼ndau,5.66,0,1.0,1 days,0.06633825944170771,0.8053961057104948,0.2947720550255777,1
DE710450,Helsa,9.68537,51.255737,53.78,Hessen,2,2,57.17,Yes,Helsa,Losse,11.81,0,1.0,1 days,0.0001859081613682471,0.736194015228367,0.42359415153788565,2
DE710460,Herbornseelbach,8.348587,50.697175,132.96,Hessen,0,0,65.17,Yes,Herbornseelbach,Aar,4.95,1,1.0,1 days,0.01874538745387448,0.872137879932768,0.3961271789922399,0
DE710560,Kassel,9.273823,50.212502,79.46,Hessen,1,1,62.17,Yes,Kassel,Bieber,2.99,0,1.0,1 days,0.005506883604505781,0.7283830059569738,0.29830162448952874,1
DE710610,LÃ¼tterz,9.589761,50.587645,181.68,Hessen,1,1,61.17,Yes,LÃ¼tterz,LÃ¼der,4.1,0,0.9999104824993286,3 days,0.0009917355371901202,0.7428363156359906,0.42344938676348837,1
DE710650,Michelbach,8.059171,50.234014,144.57,Hessen,1,1,60.16,Yes,Michelbach,Aar,9.25,0,1.0,1 days,0.006054279749478112,0.8658633228226366,0.3190387423029667,1
DE710660,Michelstadt,8.997296,49.676628,132.41,Hessen,0,0,60.16,Yes,Michelstadt,MÃ¼mling,6.31,1,1.0,1 days,0.016270430906389285,0.6531089222002826,0.39396841673170124,0
DE710670,MÃ¼nster,8.911703,50.545868,85.63,Hessen,2,2,55.16,Yes,MÃ¼nster,Wetter,10.74,0,1.0,1 days,0.002575810794988864,0.9450357734296637,0.31527720626823663,2
DE710740,Niederwetter,8.746114,50.890009,175.07,Hessen,1,1,55.16,Yes,Niederwetter,Wetschaft,4.03,0,1.0,1 days,0.008467741935483865,0.9376981190393042,0.3529859088377825,1
DE710900,Steinau,9.476355,50.319908,116.32,Hessen,1,1,60.16,Yes,Steinau,Kinzig,7.59,0,1.0,1 days,0.0010327022375214315,0.7920924850977626,0.43647299577203685,1
DE810470,Ahrenshagen,12.322178,53.690797,189.6,Mecklenburg Vorpommern,1,0,66.17,No,Ahrenshagen,Nebel,2.53,0,0.9546507778881165,1097 days,0.015641739875723096,1.0151135011994004,0.36746043747961327,0
DE810570,KlueÃ,12.248481,53.778258,185.1,Mecklenburg Vorpommern,1,1,57.17,Yes,KlueÃ,LÃ¶Ãnitz,1.83,0,1.0,1 days,0.00654787462430227,1.0424351935345653,0.22900668079892214,1
DE910330,Augustenfeld,7.732933,52.77255,82.67,Niedersachsen,1,1,60.16,Yes,Augustenfeld,SÃ¼dradde,1.01,0,0.9501274117218784,1 days,0.00792489636673989,0.8364236382740438,0.4282991326109675,1
DE910620,Steimke A,9.640351,51.643209,75.07,Niedersachsen,1,1,59.16,Yes,Steimke A,Ahle,6.15,0,0.9492850862986442,1 days,0.05880140421263806,0.6813843402004836,0.5963280106312263,1
DE910670,Negenborn,9.556108,51.888828,41.09,Niedersachsen,2,2,56.16,Yes,Negenborn,Forstbach,10.97,0,0.9465756763343894,1 days,0.04581318401628924,0.7395281861427068,0.4296809179596283,2
DE910680,Oelkassen,9.611911,51.944184,65.23,Niedersachsen,1,1,59.91,Yes,Oelkassen,Lenne,5.02,0,0.949872052641199,2 days,0.008503401360544173,0.730497087319619,0.4443257505197429,1
DE911000,Wendessen,10.59022,52.150016,112.56,Niedersachsen,1,1,57.17,Yes,Wendessen,Altenau,4.27,0,0.9475120923327427,1 days,0.03926254694434956,1.0170251440558629,0.21048434086945686,1
DE911260,Mariengarten,9.869163,51.445612,45.64,Niedersachsen,1,1,57.17,Yes,Mariengarten,Dramme,1.42,0,0.9475120923327427,1 days,0.01354652453919608,0.8775283696387373,0.2597802842228344,1
DE911310,Hilkerode,10.312461,51.5649,96.94,Niedersachsen,1,1,59.16,Yes,Hilkerode,Eller,4.56,0,0.9492850862986442,1 days,0.013380723395358575,0.8999991084024836,0.3548930650413466,1
DE911330,Rollshausen,10.220034,51.571021,185.19,Niedersachsen,1,1,70.0,Yes,Rollshausen,Hahle,8.39,0,0.9571339173967459,1 days,0.026665927486417575,0.9629973447106441,0.5811355091816628,1
DE911350,Hattorf,10.255132,51.651187,129.15,Niedersachsen,1,1,70.0,Yes,Hattorf,Sieber,3.48,0,0.9571339173967459,1 days,0.0031847133757961516,0.4897423614763474,0.48484504224110436,1
DE911450,Oldendorf,9.770334,51.811312,147.58,Niedersachsen,1,1,59.16,Yes,Oldendorf,Ilme,2.5,0,0.9492850862986442,1 days,0.005659614607195627,0.6524000213798582,0.45407395713987225,1
DE911520,Mehle,9.697779,52.107368,137.68,Niedersachsen,1,1,59.16,Yes,Mehle,Saale,7.32,0,0.9492850862986442,1 days,0.012650779641070893,0.7847726936451892,0.36688787115699256,1
DE911580,GroÃ RhÃ¼den,10.12346,51.94113,127.75,Niedersachsen,1,1,59.16,Yes,GroÃ RhÃ¼den,Nette,8.24,0,0.9492850862986442,1 days,0.02216354616738675,0.7311958424279579,0.3920608456395896,1
DE911610,Bad Salzdetfurth,10.013778,52.068493,127.28,Niedersachsen,1,1,53.17,Yes,Bad Salzdetfurth,Lamme,6.69,0,0.9435633367662204,1 days,0.0015738117721120779,0.8882959056845873,0.29450738787384995,1
DE911680,Rodenberg,9.358801,52.31721,155.91,Niedersachsen,1,1,57.17,Yes,Rodenberg,Rodenberger Aue,6.33,0,0.9475120923327427,1 days,0.0129154795821462,0.8051633264316569,0.43226609370353913,1
DE911880,Holzkamp,8.572317,53.00301,98.63,Niedersachsen,1,0,54.17,Yes,Holzkamp,Delme,6.01,0,0.8892089967146828,1 days,0.04019073569482298,0.8985988463698116,0.41107391920897346,0
DE912120,Wiekau,8.37676,52.918038,94.02,Niedersachsen,1,1,51.16,Yes,Wiekau,Visbeker Aue,5.12,0,0.9022419605115308,1 days,0.008332454382449174,0.8709702696257853,0.4498517909353943,1
DE912230,Zorge,10.627925,51.625098,31.68,Niedersachsen,1,1,53.17,Yes,Zorge,Zorge,3.64,0,0.9435633367662204,1 days,0.001261034047919267,0.5198331390185879,0.5619915851728178,1
DE912310,Suderburg,10.467136,52.902325,61.26,Niedersachsen,1,1,59.16,Yes,Suderburg,Hardau,4.3,0,0.9492850862986442,1 days,0.019683149303888686,0.9175615585639979,0.44365924252712546,1
DEA10000,Feudingen,8.325085,50.938766,25.44,Nordrhein-Westfalen,1,1,70.0,Yes,Feudingen,Lahn,2.18,0,1.0,1 days,0.0015748031496064057,0.5010283405107403,0.6707621350648579,1
DEA10060,Kreuztal,7.995169,50.958751,63.84,Nordrhein-Westfalen,0,0,70.0,Yes,Kreuztal,Ferndorf,18.67,1,1.0,1 days,0.0069400630914827266,0.5580319017018837,0.5527526474273808,0
DEA10100,Morsbach,7.740746,50.86134,43.19,Nordrhein-Westfalen,1,1,69.08,Yes,Morsbach,Wisserbach,3.25,0,0.9994451490171211,14 days,0.00162337662337663,0.5510011402558683,0.6187023229870899,1
DEA10320,Eigen,6.976137,51.223827,43.94,Nordrhein-Westfalen,0,0,70.0,Yes,Eigen,DÃ¼ssel,25.22,0,1.0,1 days,0.026395701938799237,0.6305348670811391,0.5371720139931425,0
DEA10340,Arloff,6.792259,50.595481,113.76,Nordrhein-Westfalen,0,0,70.0,Yes,Arloff,Erft,7.89,1,0.994837296620776,133 days,0.005507474429582966,0.8907814354700484,0.3064180795074654,0
DEA10360,Morenhoven,6.952717,50.664673,109.1,Nordrhein-Westfalen,2,2,51.08,Yes,Morenhoven,Swistbach,13.39,0,0.9999464008147076,2 days,0.0009174311926604984,1.0930361336205932,0.18912427799756493,2
DEA10390,Friesheim,6.772913,50.755158,186.03,Nordrhein-Westfalen,0,0,70.0,Yes,Friesheim,Rotbach,9.13,1,0.9999608886107635,2 days,0.02602094240837696,1.0197621626235736,0.14505083449880932,0
DEA10460,Ratingen,6.812067,51.303974,59.26,Nordrhein-Westfalen,0,0,62.08,Yes,Ratingen,Anger,35.62,0,1.0,1 days,0.06278665190574093,0.6738788514513053,0.5290665783578482,0
DEA10630,Oberkirchen,8.374446,51.158595,37.74,Nordrhein-Westfalen,1,1,70.0,Yes,Oberkirchen,Lenne,2.83,0,1.0,1 days,0.005059920106524763,0.4220300738307129,0.6575709199054102,1
DEA10730,Hagen_Ambrock,7.516886,51.323417,197.33,Nordrhein-Westfalen,0,0,70.0,No,Hagen_Ambrock,Volme,13.92,2,0.857517209011264,3244 days,0.001675126903553363,0.4978075756795949,0.6160983784246326,0
DEA10850,Altenbeken 2,8.918271,51.761124,20.67,Nordrhein-Westfalen,2,2,57.08,Yes,Altenbeken 2,Beke,12.07,0,1.0,1 days,0.008292682926829352,0.561230633525306,0.8662258309734697,2
DEA10910,Weine,8.525703,51.542015,142.98,Nordrhein-Westfalen,1,1,70.0,Yes,Weine,Alme,3.78,0,1.0,1 days,0.002372313703600359,0.6741319746816433,0.44501106536343865,1
DEA10950,Herbram,8.915788,51.67039,24.17,Nordrhein-Westfalen,1,1,56.08,Yes,Herbram,Schmittwasser,1.98,0,0.9906263730898794,193 days,0.03589948145193453,0.6465990743315153,0.34005478083827384,1
DEA11490,PannenmÃ¼hle,6.229769,51.199276,129.38,Nordrhein-Westfalen,0,0,70.0,Yes,PannenmÃ¼hle,Schwalm,22.09,0,0.9883056946182729,300 days,0.006221676011982505,0.9333586139162023,0.28451772509162543,0
DEA11770,Muesse,8.283975,51.049527,124.36,Nordrhein-Westfalen,1,1,70.0,Yes,Muesse,Eder,3.37,0,1.0,1 days,0.005120000000000005,0.4686844092053801,0.6625900865525403,1
DEA11790,Raumland,8.386279,51.031447,84.87,Nordrhein-Westfalen,1,1,70.0,Yes,Raumland,Odeborn,5.89,0,1.0,1 days,0.0020070838252656633,0.4742923369932484,0.6347078118063229,1
DEA11850,Rustenhof,9.134567,51.706482,77.97,Nordrhein-Westfalen,2,2,51.08,Yes,Rustenhof,Aa,10.34,0,0.9969984456236265,13 days,0.011808980015572236,0.6544041664459669,0.5346674765885329,2
DEA12130,Bilk,7.292827,52.239054,187.93,Nordrhein-Westfalen,1,1,47.16,Yes,Bilk,Vechte,7.78,0,0.9788135593220338,1 days,0.05614251995054518,0.8412180116405669,0.4003137435112789,1
DEA12140,TemmingsmÃ¼hle,7.356875,52.108893,111.69,Nordrhein-Westfalen,1,1,63.08,Yes,TemmingsmÃ¼hle,Steinfurter Aa,5.07,0,1.0,1 days,0.03549222797927461,0.8408547507026507,0.41669027605399606,1
DEA12180,Gronau,7.024671,52.217943,199.13,Nordrhein-Westfalen,1,1,52.08,Yes,Gronau,Dinkel,8.26,0,1.0,1 days,0.0871321722989573,0.8352200663477406,0.3484255518026994,1
DEB10340,Peltzerhaus,7.078564,50.066873,176.61,Rheinland-Pfalz,1,1,65.25,Yes,Peltzerhaus,Ãssbach,4.71,0,0.9997482587899639,7 days,0.0037510656436489064,0.8141407240126785,0.39086868838971406,1
DEB10810,Herxheim,8.19497,49.14363,100.53,Rheinland-Pfalz,1,1,61.17,Yes,Herxheim,Klingbach,7.44,0,0.9996419299973145,7 days,0.01121274712304515,0.9924035935289321,0.23804446448598224,1
DEB11140,PapiermÃ¼hle,6.940488,49.826898,169.59,Rheinland-Pfalz,1,1,65.07,Yes,PapiermÃ¼hle,Dhron,3.33,0,0.9997475491227332,7 days,0.00011791757561470568,0.737393249584657,0.391621862163945,1
DEC10000,Schieferstollen,6.874568,49.595319,44.93,Saarland,1,1,61.17,Yes,Schieferstollen,Wadrill,4.43,0,1.0,1 days,0.016515837104072326,0.5433035514960898,0.5421386115632141,1
DEC10120,Fechingen,7.058224,49.203854,47.86,Saarland,2,2,61.17,Yes,Fechingen,Saarbach,15.95,0,1.0,1 days,0.017248459958932306,0.8176080098990599,0.3589036824672551,2
DEC10150,Dagstuhl,6.900173,49.530753,62.41,Saarland,1,1,61.17,Yes,Dagstuhl,LÃ¶ster,7.73,0,1.0,1 days,0.00987055016181229,0.5830365917262061,0.5642529838150819,1
DEC10160,Lautzkirchen,7.254638,49.249796,55.05,Saarland,2,2,55.16,Yes,Lautzkirchen,WÃ¼rzbach,14.25,0,0.9969727047146402,62 days,0.018716577540107027,0.8240155510429562,0.21082577161347119,2
DEC10230,VÃ¶lklingen,6.87067,49.256737,77.19,Saarland,0,0,59.16,Yes,VÃ¶lklingen,KÃ¶llerbach,28.35,0,1.0,1 days,0.005283505154639131,0.8456430274626046,0.5250919021069893,0
DEC10280,Nunkirchen,6.836446,49.487651,104.66,Saarland,0,0,62.17,No,Nunkirchen,Losheimer Bach,10.99,1,0.9517769850706831,1096 days,0.0020105313547151148,0.6300702959016682,0.4603433251358488,0
DEC10390,Eppelborn,6.961479,49.407347,119.7,Saarland,2,2,61.17,Yes,Eppelborn,Ill,18.8,0,1.0,1 days,0.002499999999999976,0.7266717734698179,0.4561168058983576,2
DED10890,Holtendorf,14.923431,51.154186,53.8,Sachsen,1,1,60.0,Yes,Holtendorf,WeiÃer SchÃ¶ps,6.18,0,1.0,1 days,0.007380073800738112,1.0165265235609882,0.27272080006534727,1
DED10970,JÃ¤nkendorf 1,14.811845,51.252417,126.29,Sachsen,1,1,60.0,Yes,JÃ¤nkendorf 1,Schwarzer SchÃ¶ps,4.73,0,1.0,1 days,0.01032000000000005,1.014621952294628,0.2559193326084663,1
DED11460,Mylau,12.272241,50.610922,153.64,Sachsen,0,0,60.0,Yes,Mylau,GÃ¶ltzsch,16.37,1,1.0,1 days,0.015128205128205216,0.8112432183698742,0.45728995632811686,0
DED11820,Pietzschwitz,14.297243,51.199661,41.73,Sachsen,0,0,60.0,Yes,Pietzschwitz,Langes Wasser,4.55,1,0.9833447410449464,366 days,0.01113744075829398,0.9697919649552057,0.31890991948814235,0
DED12510,Tannenberg,12.960373,50.610455,91.16,Sachsen,1,1,60.0,Yes,Tannenberg,Zschopau,8.93,0,1.0,1 days,0.0006586169045005738,0.6336128662609233,0.5330574877155967,1
DED12520,Tauchritz,14.944115,51.064221,164.52,Sachsen,0,0,56.16,Yes,Tauchritz,PlieÃnitz,5.4,2,1.0,1 days,0.008915662650602348,1.0129711087764564,0.29977188775142205,0
DED12680,Wolfsgrund,13.423531,50.776913,35.78,Sachsen,1,1,60.0,Yes,Wolfsgrund,Chemnitzbach,4.65,0,0.9995893223819302,8 days,0.053439153439153335,0.6470557723909452,0.5926332502652261,1
DEE10270,Thalwinkel,11.609626,51.222164,54.39,Sachsen-Anhalt,1,1,55.16,Yes,Thalwinkel,Biberbach,3.86,0,1.0,1 days,0.007222222222222233,1.1734515883717476,0.1786367596014186,1
DEE10410,Friedeburg,11.733586,51.614138,108.28,Sachsen-Anhalt,1,1,54.17,Yes,Friedeburg,Schlenze,5.62,0,1.0,1 days,0.002592592592592603,1.423237600007005,0.09706115860724283,1
DEE10590,Tanne,10.728677,51.699661,71.32,Sachsen-Anhalt,1,1,60.16,Yes,Tanne,Warme Bode,3.76,0,1.0,1 days,0.004507042253521031,0.4470636365964686,0.73739500952345,1
DEE10610,Elend,10.683221,51.743277,24.41,Sachsen-Anhalt,1,1,70.0,Yes,Elend,Kalte Bode,3.12,0,1.0,1 days,0.00040983606557383457,0.3511991175636985,0.6495435107151015,1
DEE10630,Trautenstein,10.790521,51.69289,38.8,Sachsen-Anhalt,1,1,70.0,Yes,Trautenstein,Rappbode,4.12,0,0.9428582603254068,732 days,0.010204081632653206,0.6135149456600857,0.6135767920947391,1
DEE10680,Meisdorf,11.283867,51.691373,179.39,Sachsen-Anhalt,0,0,70.0,Yes,Meisdorf,Selke,3.07,10,1.0,1 days,0.0078089887640448675,0.9363305112481913,0.369253171938417,0
DEE10710,Hanneckenbruch,10.694575,51.803956,9.22,Sachsen-Anhalt,1,1,59.16,Yes,Hanneckenbruch,Holtemme,0.0,0,1.0,1 days,0.010729613733905541,0.3746251898437828,0.6406826222153744,1
DEF10220,BadBramstedtOhlau,9.885325,53.901404,74.54,Schleswig-Holstein,2,2,32.08,Yes,BadBramstedtOhlau,Ohlau,13.53,0,1.0,1 days,0.014542570068746619,0.7834233974855861,0.43828095586118315,2
DEF10710,BÃ¼nningstedt,10.21585,53.697143,49.95,Schleswig-Holstein,0,0,36.16,Yes,BÃ¼nningstedt,Hunnau,24.05,0,1.0,1 days,0.1876727923239551,0.8154219722300662,0.32946987747177753,0
DEF12940,MÃ¼hlenbrÃ¼ck,9.523184,54.7077,76.19,Schleswig-Holstein,1,2,36.16,Yes,MÃ¼hlenbrÃ¼ck,Bondenau,4.45,0,1.0,1 days,0.006738900634249351,0.6266402330246454,0.40165231109353033,2
DEF13710,Sarlhusen,9.815755,54.034194,220.4,Schleswig-Holstein,1,2,36.16,Yes,Sarlhusen,BÃ¼nzau,3.99,0,1.0,1 days,0.06473429951690823,0.7037704302336001,0.4417185068254885,2
DEF14440,TodenbÃ¼ttel,9.546954,54.128383,87.84,Schleswig-Holstein,1,2,36.16,Yes,TodenbÃ¼ttel,TodenbÃ¼ttelerAu,6.39,0,1.0,1 days,0.00011385631333263255,0.6868776059462619,0.494480779134603,2
DEF14580,Tungendorf,10.013938,54.086023,28.14,Schleswig-Holstein,2,2,36.16,Yes,Tungendorf,Dosenbek,10.54,0,1.0,1 days,0.04285714285714279,0.7079581196537625,0.2752378725161343,2
DEF14840,WennbÃ¼ttel,9.323566,54.13284,35.22,Schleswig-Holstein,1,2,36.16,Yes,WennbÃ¼ttel,Gieselau,7.3,0,1.0,1 days,0.005998286203941755,0.6081730858411734,0.33431018595015966,2
DEF14990,Witzeeze,10.599081,53.45393,106.05,Schleswig-Holstein,1,2,36.16,Yes,Witzeeze,Linau,5.65,0,1.0,1 days,0.0033112582781456416,0.8987419868257317,0.1509634516193964,2
DEG10000,Ammern,10.446993,51.231727,184.39,ThÃ¼ringen,0,0,70.0,Yes,Ammern,Unstrut,6.17,1,1.0,1 days,0.00925013683634372,0.8839852795276936,0.3290289473298373,0
DEG10050,Bleicherode,10.592766,51.450407,104.07,ThÃ¼ringen,1,1,69.17,Yes,Bleicherode,Bode,7.93,0,1.0,1 days,0.0006730769230768575,0.886054897093609,0.33118543677975787,1
DEG10090,Eischleben,10.98537,50.887696,163.08,ThÃ¼ringen,0,0,66.17,Yes,Eischleben,Wipfra,3.74,1,1.0,1 days,0.0001226241569588094,1.10083190927831,0.14799881505564833,0
DEG10250,GrÃ¤finau-Angstedt,11.01835,50.697484,162.85,ThÃ¼ringen,2,2,70.0,Yes,GrÃ¤finau-Angstedt,Ilm,10.27,0,1.0,1 days,0.052002583979328054,0.5884052455880188,0.5024745002024883,2
DEG10300,Hinternah,10.793078,50.518636,36.56,ThÃ¼ringen,1,1,70.0,Yes,Hinternah,Nahe,5.9,0,1.0,1 days,0.035694050991501566,0.5139565742317382,0.6839358089971643,1
DEG10310,Ilfeld,10.785921,51.597666,62.71,ThÃ¼ringen,1,1,69.17,Yes,Ilfeld,Bere,0.75,0,1.0,1 days,0.0065810593900482136,0.7020991559324093,0.516771055262225,1
DEG10330,KatzhÃ¼tte,11.057928,50.558515,123.15,ThÃ¼ringen,0,0,70.0,Yes,KatzhÃ¼tte,Schwarza,3.27,4,1.0,1 days,0.004486133768352459,0.4939880102192168,0.591010980657741,0
DEG10390,Mittelschmalkalden,10.394647,50.717948,152.46,ThÃ¼ringen,1,1,65.17,Yes,Mittelschmalkalden,Schmalkalde,9.08,0,1.0,1 days,0.0035294117647058304,0.7070037905678002,0.49593594928530027,1
DEG10400,MÃ¶schlitz,11.749231,50.567986,157.26,ThÃ¼ringen,0,0,70.0,Yes,MÃ¶schlitz,Wisenta,4.61,1,1.0,1 days,0.0065698041692989284,0.9597250307659781,0.34685319613785326,0
DEG10530,Steinach,11.158852,50.430459,37.62,ThÃ¼ringen,1,1,60.16,Yes,Steinach,Steinach,9.51,0,1.0,1 days,0.011290322580645015,0.43787168744639593,0.6662924495649176,1
DEG10550,Suhl,10.681146,50.608492,41.35,ThÃ¼ringen,0,0,70.0,Yes,Suhl,Lauter,27.03,0,1.0,1 days,0.011002444987775131,0.5226736941546604,0.6254953224886028,0
